"","value","SE","n","species_id","citation_id","site_id","treatment","trait_id","variable_id"
"1",3.79393906353812,0.161453678488357,60,1000021039,1000000175,1000026752,2000000012,NA,2000000007
"2",3.00481650476013,0.131910075242483,60,1000021046,1000000175,1000026752,2000000012,NA,2000000007
"3",3.45969514019304,0.128868437576945,60,1000021040,1000000175,1000026752,2000000012,NA,2000000007
