"","value","SE","n","species_id","citation_id","site_id","treatment","trait_id","variable_id"
"1",10.1530630272232,1.77453746998752,60,1000021039,1000000175,1000026752,2000000012,NA,26
"2",8.04464326965554,1.24423445323209,60,1000021046,1000000175,1000026752,2000000012,NA,26
"3",7.9010294759896,1.0617100164612,60,1000021040,1000000175,1000026752,2000000012,NA,26
