"","value","SE","n","species_id","citation_id","site_id","treatment","trait_id","variable_id"
"1",9.28564590571322,0.37101286164923,60,1000021039,1000000175,1000026752,2000000012,NA,404
"2",8.15889967617255,0.31313259794049,60,1000021046,1000000175,1000026752,2000000012,NA,404
"3",8.77769633309228,0.328709874057531,60,1000021040,1000000175,1000026752,2000000012,NA,404
